,Loan_ID,Gender,Married,Dependents,Education,Self_Employed,ApplicantIncome,CoapplicantIncome,LoanAmount,Loan_Amount_Term,Credit_History,Property_Area,Loan_Status,LoanAmount_log,Total_income
0,LP001002,1,0,0,1,0,5849,0.0,128.0,360.0,1.0,2,1,4.852030263919617,1.5793972284736488
1,LP001003,1,1,1,1,0,4583,1508.0,128.0,360.0,1.0,0,0,4.852030263919617,1.5793972284736488
2,LP001005,1,1,0,1,1,3000,0.0,66.0,360.0,1.0,2,1,4.189654742026425,1.4326183300679207
3,LP001006,1,1,0,0,0,2583,2358.0,120.0,360.0,1.0,2,1,4.787491742782046,1.5660066297600124
4,LP001008,1,0,0,1,0,6000,0.0,141.0,360.0,1.0,2,1,4.948759890378168,1.599137017997089
5,LP001011,1,1,2,1,1,5417,4196.0,267.0,360.0,1.0,2,1,5.58724865840025,1.7204869760912846
6,LP001013,1,1,0,0,0,2333,1516.0,95.0,360.0,1.0,2,1,4.553876891600541,1.5159789342503565
7,LP001014,1,1,3,1,0,3036,2504.0,158.0,360.0,0.0,1,0,5.062595033026967,1.6218792042124106
8,LP001018,1,1,2,1,0,4006,1526.0,168.0,360.0,1.0,2,1,5.123963979403259,1.633928354228994
9,LP001020,1,1,1,1,0,12841,10968.0,349.0,360.0,1.0,1,0,5.855071922202427,1.7673082808687564
10,LP001024,1,1,2,1,0,3200,700.0,70.0,360.0,1.0,2,1,4.248495242049359,1.4465648595477707
11,LP001027,1,1,2,1,0,2500,1840.0,109.0,360.0,1.0,2,1,4.6913478822291435,1.5457199360997627
12,LP001028,1,1,2,1,0,3073,8106.0,200.0,360.0,1.0,2,1,5.298317366548036,1.6673892921414593
13,LP001029,1,0,0,1,0,1853,2840.0,114.0,360.0,1.0,0,0,4.736198448394496,1.55523479881416
14,LP001030,1,1,2,1,0,1299,1086.0,17.0,120.0,1.0,2,1,2.833213344056216,1.0414115247747806
15,LP001032,1,0,0,1,0,4950,0.0,125.0,360.0,1.0,2,1,4.8283137373023015,1.5744972839952205
16,LP001034,1,0,1,0,0,3596,0.0,100.0,240.0,1.0,2,1,4.605170185988092,1.5271796258079011
17,LP001036,0,0,0,1,0,3510,0.0,76.0,360.0,0.0,2,0,4.330733340286331,1.465736890326896
18,LP001038,1,1,0,0,0,4887,0.0,133.0,360.0,1.0,0,0,4.890349128221754,1.5872636973025485
19,LP001041,1,1,0,1,0,2600,3500.0,115.0,360.0,1.0,2,1,4.74493212836325,1.557077128137304
20,LP001043,1,1,0,0,0,7660,0.0,104.0,360.0,0.0,2,0,4.6443908991413725,1.535660233235027
21,LP001046,1,1,1,1,0,5955,5625.0,315.0,360.0,1.0,2,1,5.752572638825633,1.7496471701967484
22,LP001047,1,1,0,0,0,2600,1911.0,116.0,360.0,0.0,1,0,4.7535901911063645,1.5589001622577283
23,LP001050,1,1,2,0,0,3365,1917.0,112.0,360.0,0.0,0,0,4.718498871295094,1.5514907132708071
24,LP001052,1,1,1,1,0,3717,2925.0,151.0,360.0,1.0,1,0,5.017279836814924,1.612887921665338
25,LP001066,1,1,0,1,1,9560,0.0,191.0,360.0,1.0,1,1,5.25227342804663,1.6586610167850495
26,LP001068,1,1,0,1,0,2799,2253.0,122.0,360.0,1.0,1,1,4.804021044733257,1.569453284877013
27,LP001073,1,1,2,0,0,4226,1040.0,110.0,360.0,1.0,2,1,4.700480365792417,1.5476647089811362
28,LP001086,1,0,0,0,0,1442,0.0,35.0,360.0,1.0,2,0,3.5553480614894135,1.2684529660545276
29,LP001087,0,0,2,1,0,3750,2083.0,120.0,360.0,1.0,1,1,4.787491742782046,1.5660066297600124
30,LP001091,1,1,1,1,0,4166,3369.0,201.0,360.0,1.0,2,0,5.303304908059076,1.6683301937789266
31,LP001095,1,0,0,1,0,3167,0.0,74.0,360.0,1.0,2,0,4.30406509320417,1.4595599466308458
32,LP001097,1,0,1,1,1,4692,0.0,106.0,360.0,1.0,0,0,4.663439094112067,1.53975317897557
33,LP001098,1,1,0,1,0,3500,1667.0,114.0,360.0,1.0,1,1,4.736198448394496,1.55523479881416
34,LP001100,1,0,3,1,0,12500,3000.0,320.0,360.0,1.0,0,0,5.768320995793772,1.7523810495773449
35,LP001106,1,1,0,1,0,2275,2067.0,128.0,360.0,1.0,2,1,4.852030263919617,1.5793972284736488
36,LP001109,1,1,0,1,0,1828,1330.0,100.0,360.0,0.0,2,0,4.605170185988092,1.5271796258079011
37,LP001112,0,1,0,1,0,3667,1459.0,144.0,360.0,1.0,1,1,4.969813299576001,1.6033822739252712
38,LP001114,1,0,0,1,0,4166,7210.0,184.0,360.0,1.0,2,1,5.214935757608986,1.6515267696058114
39,LP001116,1,0,0,0,0,3748,1668.0,110.0,360.0,1.0,1,1,4.700480365792417,1.5476647089811362
40,LP001119,1,0,0,1,0,3600,0.0,80.0,360.0,1.0,2,0,4.382026634673881,1.4775113193551406
41,LP001120,1,0,0,1,0,1800,1213.0,47.0,360.0,1.0,2,1,3.8501476017100584,1.3481114856713152
42,LP001123,1,1,0,1,0,2400,0.0,75.0,360.0,1.0,2,1,4.31748811353631,1.4626737779454593
43,LP001131,1,1,0,1,0,3941,2336.0,134.0,360.0,1.0,1,1,4.897839799950911,1.5887942507576207
44,LP001136,1,1,0,0,1,4695,0.0,96.0,360.0,1.0,2,1,4.564348191467836,1.5182757199460604
45,LP001137,0,0,0,1,0,3410,0.0,88.0,360.0,1.0,2,1,4.477336814478207,1.4990284086108943
46,LP001138,1,1,1,1,0,5649,0.0,44.0,360.0,1.0,2,1,3.784189633918261,1.3308317646057786
47,LP001144,1,1,0,1,0,5821,0.0,144.0,360.0,1.0,2,1,4.969813299576001,1.6033822739252712
48,LP001146,0,1,0,1,0,2645,3440.0,120.0,360.0,0.0,2,0,4.787491742782046,1.5660066297600124
49,LP001151,0,0,0,1,0,4000,2275.0,144.0,360.0,1.0,1,1,4.969813299576001,1.6033822739252712
50,LP001155,0,1,0,0,0,1928,1644.0,100.0,360.0,1.0,1,1,4.605170185988092,1.5271796258079011
51,LP001157,0,0,0,1,0,3086,0.0,120.0,360.0,1.0,1,1,4.787491742782046,1.5660066297600124
52,LP001164,0,0,0,1,0,4230,0.0,112.0,360.0,1.0,1,0,4.718498871295094,1.5514907132708071
53,LP001179,1,1,2,1,0,4616,0.0,134.0,360.0,1.0,2,0,4.897839799950911,1.5887942507576207
54,LP001186,0,1,1,1,1,11500,0.0,286.0,360.0,0.0,2,0,5.655991810819852,1.7327154807183742
55,LP001194,1,1,2,1,0,2708,1167.0,97.0,360.0,1.0,1,1,4.574710978503383,1.520543522634296
56,LP001195,1,1,0,1,0,2132,1591.0,96.0,360.0,1.0,1,1,4.564348191467836,1.5182757199460604
57,LP001197,1,1,0,1,0,3366,2200.0,135.0,360.0,1.0,0,0,4.90527477843843,1.590311111517258
58,LP001198,1,1,1,1,0,8080,2250.0,180.0,360.0,1.0,2,1,5.19295685089021,1.6473032557366176
59,LP001199,1,1,2,0,0,3357,2859.0,144.0,360.0,1.0,2,1,4.969813299576001,1.6033822739252712
60,LP001205,1,1,0,1,0,2500,3796.0,120.0,360.0,1.0,2,1,4.787491742782046,1.5660066297600124
61,LP001206,1,1,3,1,0,3029,0.0,99.0,360.0,1.0,2,1,4.59511985013459,1.524994838195378
62,LP001207,1,1,0,0,1,2609,3449.0,165.0,180.0,0.0,0,0,5.10594547390058,1.6304056399335578
63,LP001213,1,1,1,1,0,4945,0.0,128.0,360.0,0.0,0,0,4.852030263919617,1.5793972284736488
64,LP001222,0,0,0,1,0,4166,0.0,116.0,360.0,0.0,1,0,4.7535901911063645,1.5589001622577283
65,LP001225,1,1,0,1,0,5726,4595.0,258.0,360.0,1.0,1,0,5.552959584921617,1.7143310441709676
66,LP001228,1,0,0,0,0,3200,2254.0,126.0,180.0,0.0,2,0,4.836281906951478,1.5761462244678353
67,LP001233,1,1,1,1,0,10750,0.0,312.0,360.0,1.0,2,1,5.7430031878094825,1.747982276959401
68,LP001238,1,1,3,0,1,7100,0.0,125.0,60.0,1.0,2,1,4.8283137373023015,1.5744972839952205
69,LP001241,0,0,0,1,0,4300,0.0,136.0,360.0,0.0,1,0,4.912654885736052,1.5918145056013675
70,LP001243,1,1,0,1,0,3208,3066.0,172.0,360.0,1.0,2,1,5.147494476813453,1.6385100869349585
71,LP001245,1,1,2,0,1,1875,1875.0,97.0,360.0,1.0,1,1,4.574710978503383,1.520543522634296
72,LP001248,1,0,0,1,0,3500,0.0,81.0,300.0,1.0,1,1,4.394449154672439,1.4803421887365897
73,LP001250,1,1,3,0,0,4755,0.0,95.0,360.0,0.0,1,0,4.553876891600541,1.5159789342503565
74,LP001253,1,1,3,1,1,5266,1774.0,187.0,360.0,1.0,1,1,5.231108616854587,1.654623228243748
75,LP001255,1,0,0,1,0,3750,0.0,113.0,480.0,1.0,2,0,4.727387818712341,1.5533727917527633
76,LP001256,1,0,0,1,0,3750,4750.0,176.0,360.0,1.0,2,0,5.170483995038151,1.6429663002001658
77,LP001259,1,1,1,1,1,1000,3022.0,110.0,360.0,1.0,2,0,4.700480365792417,1.5476647089811362
78,LP001263,1,1,3,1,0,3167,4000.0,180.0,300.0,0.0,1,0,5.19295685089021,1.6473032557366176
79,LP001264,1,1,3,0,1,3333,2166.0,130.0,360.0,1.0,1,1,4.867534450455582,1.582587535887981
80,LP001265,0,0,0,1,0,3846,0.0,111.0,360.0,1.0,1,1,4.709530201312334,1.5495881581091657
81,LP001266,1,1,1,1,1,2395,0.0,128.0,360.0,1.0,1,1,4.852030263919617,1.5793972284736488
82,LP001267,0,1,2,1,0,1378,1881.0,167.0,360.0,1.0,2,0,5.117993812416755,1.6327625287522542
83,LP001273,1,1,0,1,0,6000,2250.0,265.0,360.0,1.0,1,0,5.579729825986222,1.7191403569389776
84,LP001275,1,1,1,1,0,3988,0.0,50.0,240.0,1.0,2,1,3.912023005428146,1.3640546328884455
85,LP001279,1,0,0,1,0,2366,2531.0,136.0,360.0,1.0,1,1,4.912654885736052,1.5918145056013675
86,LP001280,1,1,2,0,0,3333,2000.0,99.0,360.0,1.0,1,1,4.59511985013459,1.524994838195378
87,LP001282,1,1,0,1,0,2500,2118.0,104.0,360.0,1.0,1,1,4.6443908991413725,1.535660233235027
88,LP001289,1,0,0,1,0,8566,0.0,210.0,360.0,1.0,2,1,5.3471075307174685,1.676555766240811
89,LP001310,1,1,0,1,0,5695,4167.0,175.0,360.0,1.0,1,1,5.1647859739235145,1.641863663944111
90,LP001316,1,1,0,1,0,2958,2900.0,131.0,360.0,1.0,1,1,4.875197323201151,1.5841605801847392
91,LP001318,1,1,2,1,0,6250,5654.0,188.0,180.0,1.0,1,1,5.236441962829949,1.6556422529709331
92,LP001319,1,1,2,0,0,3273,1820.0,81.0,360.0,1.0,2,1,4.394449154672439,1.4803421887365897
93,LP001322,1,0,0,1,0,4133,0.0,122.0,360.0,1.0,1,1,4.804021044733257,1.569453284877013
94,LP001325,1,0,0,0,0,3620,0.0,25.0,120.0,1.0,1,1,3.2188758248682006,1.1690321758870559
95,LP001326,1,0,0,1,0,6782,0.0,128.0,360.0,1.0,2,0,4.852030263919617,1.5793972284736488
96,LP001327,0,1,0,1,0,2484,2302.0,137.0,360.0,1.0,1,1,4.919980925828125,1.5933046536324995
97,LP001333,1,1,0,1,0,1977,997.0,50.0,360.0,1.0,1,1,3.912023005428146,1.3640546328884455
98,LP001334,1,1,0,0,0,4188,0.0,115.0,180.0,1.0,1,1,4.74493212836325,1.557077128137304
99,LP001343,1,1,0,1,0,1759,3541.0,131.0,360.0,1.0,1,1,4.875197323201151,1.5841605801847392
100,LP001345,1,1,2,0,0,4288,3263.0,133.0,180.0,1.0,2,1,4.890349128221754,1.5872636973025485
101,LP001349,1,0,0,1,0,4843,3806.0,151.0,360.0,1.0,1,1,5.017279836814924,1.612887921665338
102,LP001350,1,1,0,1,0,13650,0.0,128.0,360.0,1.0,2,1,4.852030263919617,1.5793972284736488
103,LP001356,1,1,0,1,0,4652,3583.0,128.0,360.0,1.0,1,1,4.852030263919617,1.5793972284736488
104,LP001357,1,1,0,1,0,3816,754.0,160.0,360.0,1.0,2,1,5.075173815233827,1.6243607736485148
105,LP001367,1,1,1,1,0,3052,1030.0,100.0,360.0,1.0,2,1,4.605170185988092,1.5271796258079011
106,LP001369,1,1,2,1,0,11417,1126.0,225.0,360.0,1.0,2,1,5.41610040220442,1.6893760735113401
107,LP001370,1,0,0,0,0,7333,0.0,120.0,360.0,1.0,0,0,4.787491742782046,1.5660066297600124
108,LP001379,1,1,2,1,0,3800,3600.0,216.0,360.0,0.0,2,0,5.375278407684165,1.6818103694507691
109,LP001384,1,1,3,0,0,2071,754.0,94.0,480.0,1.0,1,1,4.543294782270004,1.5136524718106426
110,LP001385,1,0,0,1,0,5316,0.0,136.0,360.0,1.0,2,1,4.912654885736052,1.5918145056013675
111,LP001387,0,1,0,1,0,2929,2333.0,139.0,360.0,1.0,1,1,4.9344739331306915,1.5962460680403698
112,LP001391,1,1,0,0,0,3572,4114.0,152.0,360.0,0.0,0,0,5.0238805208462765,1.614202647204422
113,LP001392,0,0,1,1,1,7451,0.0,128.0,360.0,1.0,1,1,4.852030263919617,1.5793972284736488
114,LP001398,1,0,0,1,0,5050,0.0,118.0,360.0,1.0,1,1,4.770684624465665,1.562489821742864
115,LP001401,1,1,1,1,0,14583,0.0,185.0,180.0,1.0,0,1,5.220355825078324,1.652565565295187
116,LP001404,0,1,0,1,0,3167,2283.0,154.0,360.0,1.0,1,1,5.0369526024136295,1.6168012568351087
117,LP001405,1,1,1,1,0,2214,1398.0,85.0,360.0,1.0,2,1,4.442651256490317,1.4912513280732116
118,LP001421,1,1,0,1,0,5568,2142.0,175.0,360.0,1.0,0,0,5.1647859739235145,1.641863663944111
119,LP001422,0,0,0,1,0,10408,0.0,259.0,360.0,1.0,2,1,5.556828061699537,1.7150274529696439
120,LP001426,1,1,0,1,0,5667,2667.0,180.0,360.0,1.0,0,1,5.19295685089021,1.6473032557366176
121,LP001430,0,0,0,1,0,4166,0.0,44.0,360.0,1.0,1,1,3.784189633918261,1.3308317646057786
122,LP001431,0,0,0,1,0,2137,8980.0,137.0,360.0,0.0,1,1,4.919980925828125,1.5933046536324995
123,LP001432,1,1,2,1,0,2957,0.0,81.0,360.0,1.0,1,1,4.394449154672439,1.4803421887365897
124,LP001439,1,1,0,0,0,4300,2014.0,194.0,360.0,1.0,0,1,5.267858159063328,1.6616238585115888
125,LP001443,0,0,0,1,0,3692,0.0,93.0,360.0,1.0,0,1,4.532599493153256,1.511295614460169
126,LP001448,1,1,3,1,0,23803,0.0,370.0,360.0,1.0,0,1,5.91350300563827,1.7772383809761363
127,LP001449,1,0,0,1,0,3865,1640.0,128.0,360.0,1.0,0,1,4.852030263919617,1.5793972284736488
128,LP001451,1,1,1,1,1,10513,3850.0,160.0,180.0,0.0,2,0,5.075173815233827,1.6243607736485148
129,LP001465,1,1,0,1,0,6080,2569.0,182.0,360.0,1.0,0,0,5.204006687076795,1.6494288456372879
130,LP001469,1,0,0,1,1,20166,0.0,650.0,480.0,1.0,2,1,6.476972362889683,1.8682531732300711
131,LP001473,1,0,0,1,0,2014,1929.0,74.0,360.0,1.0,2,1,4.30406509320417,1.4595599466308458
132,LP001478,1,0,0,1,0,2718,0.0,70.0,360.0,1.0,1,1,4.248495242049359,1.4465648595477707
133,LP001482,1,1,0,1,1,3459,0.0,25.0,120.0,1.0,1,1,3.2188758248682006,1.1690321758870559
134,LP001487,1,0,0,1,0,4895,0.0,102.0,360.0,1.0,1,1,4.624972813284271,1.5314704927383054
135,LP001488,1,1,3,1,0,4000,7750.0,290.0,360.0,1.0,1,0,5.66988092298052,1.735168116281128
136,LP001489,0,1,0,1,0,4583,0.0,84.0,360.0,1.0,0,0,4.430816798843313,1.4885839460327333
137,LP001491,1,1,2,1,1,3316,3500.0,88.0,360.0,1.0,2,1,4.477336814478207,1.4990284086108943
138,LP001492,1,0,0,1,0,14999,0.0,242.0,360.0,0.0,1,0,5.488937726156687,1.702734744296014
139,LP001493,1,1,2,0,0,4200,1430.0,129.0,360.0,1.0,0,0,4.859812404361672,1.5809998372418241
140,LP001497,1,1,2,1,0,5042,2083.0,185.0,360.0,1.0,0,0,5.220355825078324,1.652565565295187
141,LP001498,1,0,0,1,0,5417,0.0,168.0,360.0,1.0,2,1,5.123963979403259,1.633928354228994
142,LP001504,1,0,0,1,1,6950,0.0,175.0,180.0,1.0,1,1,5.1647859739235145,1.641863663944111
143,LP001507,1,1,0,1,0,2698,2034.0,122.0,360.0,1.0,1,1,4.804021044733257,1.569453284877013
144,LP001508,1,1,2,1,0,11757,0.0,187.0,180.0,1.0,2,1,5.231108616854587,1.654623228243748
145,LP001514,0,1,0,1,0,2330,4486.0,100.0,360.0,1.0,1,1,4.605170185988092,1.5271796258079011
146,LP001516,0,1,2,1,0,14866,0.0,70.0,360.0,1.0,2,1,4.248495242049359,1.4465648595477707
147,LP001518,1,1,1,1,0,1538,1425.0,30.0,360.0,1.0,2,1,3.4011973816621555,1.224127540701542
148,LP001519,0,0,0,1,0,10000,1666.0,225.0,360.0,1.0,0,0,5.41610040220442,1.6893760735113401
149,LP001520,1,1,0,1,0,4860,830.0,125.0,360.0,1.0,1,1,4.8283137373023015,1.5744972839952205
150,LP001528,1,0,0,1,0,6277,0.0,118.0,360.0,0.0,0,0,4.770684624465665,1.562489821742864
151,LP001529,1,1,0,1,1,2577,3750.0,152.0,360.0,1.0,0,1,5.0238805208462765,1.614202647204422
152,LP001531,1,0,0,1,0,9166,0.0,244.0,360.0,1.0,2,0,5.497168225293202,1.7042330915198087
153,LP001532,1,1,2,0,0,2281,0.0,113.0,360.0,1.0,0,0,4.727387818712341,1.5533727917527633
154,LP001535,1,0,0,1,0,3254,0.0,50.0,360.0,1.0,2,1,3.912023005428146,1.3640546328884455
155,LP001536,1,1,3,1,0,39999,0.0,600.0,180.0,0.0,1,1,6.396929655216146,1.8558181338804391
156,LP001541,1,1,1,1,0,6000,0.0,160.0,360.0,1.0,0,1,5.075173815233827,1.6243607736485148
157,LP001543,1,1,1,1,0,9538,0.0,187.0,360.0,1.0,2,1,5.231108616854587,1.654623228243748
158,LP001546,1,0,0,1,0,2980,2083.0,120.0,360.0,1.0,0,1,4.787491742782046,1.5660066297600124
159,LP001552,1,1,0,1,0,4583,5625.0,255.0,360.0,1.0,1,1,5.541263545158426,1.7122225514970442
160,LP001560,1,1,0,0,0,1863,1041.0,98.0,360.0,1.0,1,1,4.584967478670572,1.5227830126997552
161,LP001562,1,1,0,1,0,7933,0.0,275.0,360.0,1.0,2,0,5.616771097666572,1.7257569610137753
162,LP001565,1,1,1,1,0,3089,1280.0,121.0,360.0,0.0,1,0,4.795790545596741,1.5677385634836343
163,LP001570,1,1,2,1,0,4167,1447.0,158.0,360.0,1.0,0,1,5.062595033026967,1.6218792042124106
164,LP001572,1,1,0,1,0,9323,0.0,75.0,180.0,1.0,2,1,4.31748811353631,1.4626737779454593
165,LP001574,1,1,0,1,0,3707,3166.0,182.0,360.0,1.0,0,1,5.204006687076795,1.6494288456372879
166,LP001577,0,1,0,1,0,4583,0.0,112.0,360.0,1.0,0,0,4.718498871295094,1.5514907132708071
167,LP001578,1,1,0,1,0,2439,3333.0,129.0,360.0,1.0,0,1,4.859812404361672,1.5809998372418241
168,LP001579,1,0,0,1,0,2237,0.0,63.0,480.0,0.0,1,0,4.143134726391533,1.4214526816086592
169,LP001580,1,1,2,1,0,8000,0.0,200.0,360.0,1.0,1,1,5.298317366548036,1.6673892921414593
170,LP001581,1,1,0,0,0,1820,1769.0,95.0,360.0,1.0,0,1,4.553876891600541,1.5159789342503565
171,LP001585,1,1,3,1,0,51763,0.0,700.0,300.0,1.0,2,1,6.551080335043404,1.8796299726944552
172,LP001586,1,1,3,0,0,3522,0.0,81.0,180.0,1.0,0,0,4.394449154672439,1.4803421887365897
173,LP001594,1,1,0,1,0,5708,5625.0,187.0,360.0,1.0,1,1,5.231108616854587,1.654623228243748
174,LP001603,1,1,0,0,1,4344,736.0,87.0,360.0,1.0,1,0,4.465908118654584,1.4964725796851872
175,LP001606,1,1,0,1,0,3497,1964.0,116.0,360.0,1.0,0,1,4.7535901911063645,1.5589001622577283
176,LP001608,1,1,2,1,0,2045,1619.0,101.0,360.0,1.0,0,1,4.61512051684126,1.5293379817722996
177,LP001610,1,1,3,1,0,5516,11300.0,495.0,360.0,0.0,1,0,6.20455776256869,1.8252841449754358
178,LP001616,1,1,1,1,0,3750,0.0,116.0,360.0,1.0,1,1,4.7535901911063645,1.5589001622577283
179,LP001630,1,0,0,0,0,2333,1451.0,102.0,480.0,0.0,2,0,4.624972813284271,1.5314704927383054
180,LP001633,1,1,1,1,0,6400,7250.0,180.0,360.0,0.0,2,0,5.19295685089021,1.6473032557366176
181,LP001634,1,0,0,1,0,1916,5063.0,67.0,360.0,1.0,0,0,4.204692619390966,1.436201191916192
182,LP001636,1,1,0,1,0,4600,0.0,73.0,180.0,1.0,1,1,4.290459441148391,1.4563938230443614
183,LP001637,1,1,1,1,0,33846,0.0,260.0,360.0,1.0,1,0,5.560681631015528,1.7157206962546658
184,LP001639,0,1,0,1,0,3625,0.0,108.0,360.0,1.0,1,1,4.68213122712422,1.5437533966819692
185,LP001640,1,1,0,1,1,39147,4750.0,120.0,360.0,1.0,1,1,4.787491742782046,1.5660066297600124
186,LP001641,1,1,1,1,1,2178,0.0,66.0,300.0,0.0,0,0,4.189654742026425,1.4326183300679207
187,LP001643,1,1,0,1,0,2383,2138.0,58.0,360.0,1.0,0,1,4.060443010546419,1.4012920835590674
188,LP001644,1,1,0,1,1,674,5296.0,168.0,360.0,1.0,0,1,5.123963979403259,1.633928354228994
189,LP001647,1,1,0,1,0,9328,0.0,188.0,180.0,1.0,0,1,5.236441962829949,1.6556422529709331
190,LP001653,1,0,0,0,0,4885,0.0,48.0,360.0,1.0,0,1,3.871201010907891,1.3535647976324747
191,LP001656,1,0,0,1,0,12000,0.0,164.0,360.0,1.0,1,0,5.099866427824199,1.6292143487645936
192,LP001657,1,1,0,0,0,6033,0.0,160.0,360.0,1.0,2,0,5.075173815233827,1.6243607736485148
193,LP001658,1,0,0,1,0,3858,0.0,76.0,360.0,1.0,1,1,4.330733340286331,1.465736890326896
194,LP001664,1,0,0,1,0,4191,0.0,120.0,360.0,1.0,0,1,4.787491742782046,1.5660066297600124
195,LP001665,1,1,1,1,0,3125,2583.0,170.0,360.0,1.0,1,0,5.135798437050262,1.6362353204949376
196,LP001666,1,0,0,1,0,8333,3750.0,187.0,360.0,1.0,0,1,5.231108616854587,1.654623228243748
197,LP001669,0,0,0,0,0,1907,2365.0,120.0,360.0,1.0,2,1,4.787491742782046,1.5660066297600124
198,LP001671,0,1,0,1,0,3416,2816.0,113.0,360.0,1.0,1,1,4.727387818712341,1.5533727917527633
199,LP001673,1,0,0,1,1,11000,0.0,83.0,360.0,1.0,2,0,4.418840607796598,1.4858773557530183
200,LP001674,1,1,1,0,0,2600,2500.0,90.0,360.0,1.0,1,1,4.499809670330265,1.5040351003996315
201,LP001677,1,0,2,1,0,4923,0.0,166.0,360.0,0.0,1,1,5.111987788356544,1.631588328253238
202,LP001682,1,1,3,0,0,3992,0.0,128.0,180.0,1.0,2,0,4.852030263919617,1.5793972284736488
203,LP001688,1,1,1,0,0,3500,1083.0,135.0,360.0,1.0,2,1,4.90527477843843,1.590311111517258
204,LP001691,1,1,2,0,0,3917,0.0,124.0,360.0,1.0,1,1,4.820281565605037,1.572832342456985
205,LP001692,0,0,0,0,0,4408,0.0,120.0,360.0,1.0,1,1,4.787491742782046,1.5660066297600124
206,LP001693,0,0,0,1,0,3244,0.0,80.0,360.0,1.0,2,1,4.382026634673881,1.4775113193551406
207,LP001698,1,0,0,0,0,3975,2531.0,55.0,360.0,1.0,0,1,4.007333185232471,1.3881259789913998
208,LP001699,1,0,0,1,0,2479,0.0,59.0,360.0,1.0,2,1,4.07753744390572,1.4054932385256123
209,LP001702,1,0,0,1,0,3418,0.0,127.0,360.0,1.0,1,0,4.844187086458591,1.5777794472527427
210,LP001708,0,0,0,1,0,10000,0.0,214.0,360.0,1.0,1,0,5.365976015021851,1.6800782821876006
211,LP001711,1,1,3,1,0,3430,1250.0,128.0,360.0,0.0,1,0,4.852030263919617,1.5793972284736488
212,LP001713,1,1,1,1,1,7787,0.0,240.0,360.0,1.0,2,1,5.480638923341991,1.701221686014351
213,LP001715,1,1,3,0,1,5703,0.0,130.0,360.0,1.0,0,1,4.867534450455582,1.582587535887981
214,LP001716,1,1,0,1,0,3173,3021.0,137.0,360.0,1.0,2,1,4.919980925828125,1.5933046536324995
215,LP001720,1,1,3,0,0,3850,983.0,100.0,360.0,1.0,1,1,4.605170185988092,1.5271796258079011
216,LP001722,1,1,0,1,0,150,1800.0,135.0,360.0,1.0,0,0,4.90527477843843,1.590311111517258
217,LP001726,1,1,0,1,0,3727,1775.0,131.0,360.0,1.0,1,1,4.875197323201151,1.5841605801847392
218,LP001732,1,1,2,1,0,5000,0.0,72.0,360.0,0.0,1,0,4.276666119016055,1.453173761903945
219,LP001734,0,1,2,1,0,4283,2383.0,127.0,360.0,1.0,1,1,4.844187086458591,1.5777794472527427
220,LP001736,1,1,0,1,0,2221,0.0,60.0,360.0,0.0,2,0,4.0943445622221,1.4096066464289525
221,LP001743,1,1,2,1,0,4009,1717.0,116.0,360.0,1.0,1,1,4.7535901911063645,1.5589001622577283
222,LP001744,1,0,0,1,0,2971,2791.0,144.0,360.0,1.0,1,1,4.969813299576001,1.6033822739252712
223,LP001749,1,1,0,1,0,7578,1010.0,175.0,360.0,1.0,1,1,5.1647859739235145,1.641863663944111
224,LP001750,1,1,0,1,0,6250,0.0,128.0,360.0,1.0,1,1,4.852030263919617,1.5793972284736488
225,LP001751,1,1,0,1,0,3250,0.0,170.0,360.0,1.0,0,0,5.135798437050262,1.6362353204949376
226,LP001754,1,1,0,0,1,4735,0.0,138.0,360.0,1.0,2,0,4.927253685157205,1.5947817710037706
227,LP001758,1,1,2,1,0,6250,1695.0,210.0,360.0,1.0,1,1,5.3471075307174685,1.676555766240811
228,LP001760,1,1,0,1,0,4758,0.0,158.0,480.0,1.0,1,1,5.062595033026967,1.6218792042124106
229,LP001761,1,0,0,1,1,6400,0.0,200.0,360.0,1.0,0,1,5.298317366548036,1.6673892921414593
230,LP001765,1,1,1,1,0,2491,2054.0,104.0,360.0,1.0,1,1,4.6443908991413725,1.535660233235027
231,LP001768,1,1,0,1,0,3716,0.0,42.0,180.0,1.0,0,1,3.7376696182833684,1.3184623205053285
232,LP001770,1,0,0,0,0,3189,2598.0,120.0,360.0,1.0,0,1,4.787491742782046,1.5660066297600124
233,LP001776,0,0,0,1,0,8333,0.0,280.0,360.0,1.0,1,1,5.634789603169249,1.7289598092914389
234,LP001778,1,1,1,1,0,3155,1779.0,140.0,360.0,1.0,1,1,4.941642422609304,1.5976977501549372
235,LP001784,1,1,1,1,0,5500,1260.0,170.0,360.0,1.0,0,1,5.135798437050262,1.6362353204949376
236,LP001786,1,1,0,1,0,5746,0.0,255.0,360.0,1.0,2,0,5.541263545158426,1.7122225514970442
237,LP001788,0,0,0,1,1,3463,0.0,122.0,360.0,1.0,2,1,4.804021044733257,1.569453284877013
238,LP001790,0,0,1,1,0,3812,0.0,112.0,360.0,1.0,0,1,4.718498871295094,1.5514907132708071
239,LP001792,1,1,1,1,0,3315,0.0,96.0,360.0,1.0,1,1,4.564348191467836,1.5182757199460604
240,LP001798,1,1,2,1,0,5819,5000.0,120.0,360.0,1.0,0,1,4.787491742782046,1.5660066297600124
241,LP001800,1,1,1,0,0,2510,1983.0,140.0,180.0,1.0,2,0,4.941642422609304,1.5976977501549372
242,LP001806,1,0,0,1,0,2965,5701.0,155.0,60.0,1.0,2,1,5.043425116919247,1.6180854379591356
243,LP001807,1,1,2,1,1,6250,1300.0,108.0,360.0,1.0,0,1,4.68213122712422,1.5437533966819692
244,LP001811,1,1,0,0,0,3406,4417.0,123.0,360.0,1.0,1,1,4.812184355372417,1.5711511089688401
245,LP001813,1,0,0,1,1,6050,4333.0,120.0,180.0,1.0,2,0,4.787491742782046,1.5660066297600124
246,LP001814,1,1,2,1,0,9703,0.0,112.0,360.0,1.0,2,1,4.718498871295094,1.5514907132708071
247,LP001819,1,1,1,0,0,6608,0.0,137.0,180.0,1.0,2,1,4.919980925828125,1.5933046536324995
248,LP001824,1,1,1,1,0,2882,1843.0,123.0,480.0,1.0,1,1,4.812184355372417,1.5711511089688401
249,LP001825,1,1,0,1,0,1809,1868.0,90.0,360.0,1.0,2,1,4.499809670330265,1.5040351003996315
250,LP001835,1,1,0,0,0,1668,3890.0,201.0,360.0,0.0,1,0,5.303304908059076,1.6683301937789266
251,LP001836,0,0,2,1,0,3427,0.0,138.0,360.0,1.0,2,0,4.927253685157205,1.5947817710037706
252,LP001841,1,0,0,0,1,2583,2167.0,104.0,360.0,1.0,0,1,4.6443908991413725,1.535660233235027
253,LP001843,1,1,1,0,0,2661,7101.0,279.0,180.0,1.0,1,1,5.631211781821365,1.7283246555495033
254,LP001844,1,0,0,1,1,16250,0.0,192.0,360.0,0.0,2,0,5.2574953720277815,1.6596547483333284
255,LP001846,0,0,3,1,0,3083,0.0,255.0,360.0,1.0,0,1,5.541263545158426,1.7122225514970442
256,LP001849,1,0,0,0,0,6045,0.0,115.0,360.0,0.0,0,0,4.74493212836325,1.557077128137304
257,LP001854,1,1,3,1,0,5250,0.0,94.0,360.0,1.0,2,0,4.543294782270004,1.5136524718106426
258,LP001859,1,1,0,1,0,14683,2100.0,304.0,360.0,1.0,0,0,5.717027701406222,1.7434490377145977
259,LP001864,1,1,3,0,0,4931,0.0,128.0,360.0,1.0,1,0,4.852030263919617,1.5793972284736488
260,LP001865,1,1,1,1,0,6083,4250.0,330.0,360.0,1.0,2,1,5.799092654460526,1.7577014664284185
261,LP001868,1,0,0,1,0,2060,2209.0,134.0,360.0,1.0,1,1,4.897839799950911,1.5887942507576207
262,LP001870,0,0,1,1,0,3481,0.0,155.0,36.0,1.0,1,0,5.043425116919247,1.6180854379591356
263,LP001871,0,0,0,1,0,7200,0.0,120.0,360.0,1.0,0,1,4.787491742782046,1.5660066297600124
264,LP001872,1,0,0,1,1,5166,0.0,128.0,360.0,1.0,1,1,4.852030263919617,1.5793972284736488
265,LP001875,1,0,0,1,0,4095,3447.0,151.0,360.0,1.0,0,1,5.017279836814924,1.612887921665338
266,LP001877,1,1,2,1,0,4708,1387.0,150.0,360.0,1.0,1,1,5.0106352940962555,1.611562712266506
267,LP001882,1,1,3,1,0,4333,1811.0,160.0,360.0,0.0,2,1,5.075173815233827,1.6243607736485148
268,LP001883,0,0,0,1,0,3418,0.0,135.0,360.0,1.0,0,0,4.90527477843843,1.590311111517258
269,LP001884,0,0,1,1,0,2876,1560.0,90.0,360.0,1.0,2,1,4.499809670330265,1.5040351003996315
270,LP001888,0,0,0,1,0,3237,0.0,30.0,360.0,1.0,2,1,3.4011973816621555,1.224127540701542
271,LP001891,1,1,0,1,0,11146,0.0,136.0,360.0,1.0,2,1,4.912654885736052,1.5918145056013675
272,LP001892,1,0,0,1,0,2833,1857.0,126.0,360.0,1.0,0,1,4.836281906951478,1.5761462244678353
273,LP001894,1,1,0,1,0,2620,2223.0,150.0,360.0,1.0,1,1,5.0106352940962555,1.611562712266506
274,LP001896,1,1,2,1,0,3900,0.0,90.0,360.0,1.0,1,1,4.499809670330265,1.5040351003996315
275,LP001900,1,1,1,1,0,2750,1842.0,115.0,360.0,1.0,1,1,4.74493212836325,1.557077128137304
276,LP001903,1,1,0,1,0,3993,3274.0,207.0,360.0,1.0,1,1,5.332718793265369,1.6738612006698723
277,LP001904,1,1,0,1,0,3103,1300.0,80.0,360.0,1.0,2,1,4.382026634673881,1.4775113193551406
278,LP001907,1,1,0,1,0,14583,0.0,436.0,360.0,1.0,1,1,6.077642243349034,1.8046168318456508
279,LP001908,0,1,0,0,0,4100,0.0,124.0,360.0,1.0,0,1,4.820281565605037,1.572832342456985
280,LP001910,1,0,1,0,1,4053,2426.0,158.0,360.0,0.0,2,0,5.062595033026967,1.6218792042124106
281,LP001914,1,1,0,1,0,3927,800.0,112.0,360.0,1.0,1,1,4.718498871295094,1.5514907132708071
282,LP001915,1,1,2,1,0,2301,985.7999878,78.0,180.0,1.0,2,1,4.356708826689592,1.4717169160496426
283,LP001917,0,0,0,1,0,1811,1666.0,54.0,360.0,1.0,2,1,3.9889840465642745,1.3835365735581087
284,LP001922,1,1,0,1,0,20667,0.0,128.0,360.0,1.0,0,0,4.852030263919617,1.5793972284736488
285,LP001924,1,0,0,1,0,3158,3053.0,89.0,360.0,1.0,0,1,4.48863636973214,1.5015489517809617
286,LP001925,0,0,0,1,1,2600,1717.0,99.0,300.0,1.0,1,0,4.59511985013459,1.524994838195378
287,LP001926,1,1,0,1,0,3704,2000.0,120.0,360.0,1.0,0,1,4.787491742782046,1.5660066297600124
288,LP001931,0,0,0,1,0,4124,0.0,115.0,360.0,1.0,1,1,4.74493212836325,1.557077128137304
289,LP001935,1,0,0,1,0,9508,0.0,187.0,360.0,1.0,0,1,5.231108616854587,1.654623228243748
290,LP001936,1,1,0,1,0,3075,2416.0,139.0,360.0,1.0,0,1,4.9344739331306915,1.5962460680403698
291,LP001938,1,1,2,1,0,4400,0.0,127.0,360.0,0.0,1,0,4.844187086458591,1.5777794472527427
292,LP001940,1,1,2,1,0,3153,1560.0,134.0,360.0,1.0,2,1,4.897839799950911,1.5887942507576207
293,LP001945,0,0,0,1,0,5417,0.0,143.0,480.0,0.0,2,0,4.962844630259907,1.6019790905057438
294,LP001947,1,1,0,1,0,2383,3334.0,172.0,360.0,1.0,1,1,5.147494476813453,1.6385100869349585
295,LP001949,1,1,3,1,0,4416,1250.0,110.0,360.0,1.0,2,1,4.700480365792417,1.5476647089811362
296,LP001953,1,1,1,1,0,6875,0.0,200.0,360.0,1.0,1,1,5.298317366548036,1.6673892921414593
297,LP001954,0,1,1,1,0,4666,0.0,135.0,360.0,1.0,2,1,4.90527477843843,1.590311111517258
298,LP001955,0,0,0,1,0,5000,2541.0,151.0,480.0,1.0,0,0,5.017279836814924,1.612887921665338
299,LP001963,1,1,1,1,0,2014,2925.0,113.0,360.0,1.0,2,0,4.727387818712341,1.5533727917527633
300,LP001964,1,1,0,0,0,1800,2934.0,93.0,360.0,0.0,2,0,4.532599493153256,1.511295614460169
301,LP001972,1,1,0,0,0,2875,1750.0,105.0,360.0,1.0,1,1,4.653960350157523,1.537718545324583
302,LP001974,0,0,0,1,0,5000,0.0,132.0,360.0,1.0,0,1,4.882801922586371,1.5857192195601266
303,LP001977,1,1,1,1,0,1625,1803.0,96.0,360.0,1.0,2,1,4.564348191467836,1.5182757199460604
304,LP001978,1,0,0,1,0,4000,2500.0,140.0,360.0,1.0,0,1,4.941642422609304,1.5976977501549372
305,LP001990,1,0,0,0,0,2000,0.0,128.0,360.0,1.0,2,0,4.852030263919617,1.5793972284736488
306,LP001993,0,0,0,1,0,3762,1666.0,135.0,360.0,1.0,0,1,4.90527477843843,1.590311111517258
307,LP001994,0,0,0,1,0,2400,1863.0,104.0,360.0,0.0,2,0,4.6443908991413725,1.535660233235027
308,LP001996,1,0,0,1,0,20233,0.0,480.0,360.0,1.0,0,0,6.173786103901937,1.8203122808251364
309,LP001998,1,1,2,0,0,7667,0.0,185.0,360.0,1.0,0,1,5.220355825078324,1.652565565295187
310,LP002002,0,0,0,1,0,2917,0.0,84.0,360.0,1.0,1,1,4.430816798843313,1.4885839460327333
311,LP002004,1,0,0,0,0,2927,2405.0,111.0,360.0,1.0,1,1,4.709530201312334,1.5495881581091657
312,LP002006,0,0,0,1,0,2507,0.0,56.0,360.0,1.0,0,1,4.02535169073515,1.392612283633577
313,LP002008,1,1,2,1,1,5746,0.0,144.0,84.0,1.0,0,1,4.969813299576001,1.6033822739252712
314,LP002024,1,1,0,1,0,2473,1843.0,159.0,360.0,1.0,0,0,5.0689042022202315,1.6231246605584686
315,LP002031,1,1,1,0,0,3399,1640.0,111.0,180.0,1.0,2,1,4.709530201312334,1.5495881581091657
316,LP002035,1,1,2,1,0,3717,0.0,120.0,360.0,1.0,1,1,4.787491742782046,1.5660066297600124
317,LP002036,1,1,0,1,0,2058,2134.0,88.0,360.0,1.0,2,1,4.477336814478207,1.4990284086108943
318,LP002043,0,0,1,1,0,3541,0.0,112.0,360.0,1.0,1,1,4.718498871295094,1.5514907132708071
319,LP002050,1,1,1,1,1,10000,0.0,155.0,360.0,1.0,0,0,5.043425116919247,1.6180854379591356
320,LP002051,1,1,0,1,0,2400,2167.0,115.0,360.0,1.0,1,1,4.74493212836325,1.557077128137304
321,LP002053,1,1,3,1,0,4342,189.0,124.0,360.0,1.0,1,1,4.820281565605037,1.572832342456985
322,LP002054,1,1,2,0,0,3601,1590.0,128.0,360.0,1.0,0,1,4.852030263919617,1.5793972284736488
323,LP002055,0,0,0,1,0,3166,2985.0,132.0,360.0,1.0,0,1,4.882801922586371,1.5857192195601266
324,LP002065,1,1,3,1,0,15000,0.0,300.0,360.0,1.0,0,1,5.703782474656201,1.7411295468056076
325,LP002067,1,1,1,1,1,8666,4983.0,376.0,360.0,0.0,0,0,5.929589143389895,1.7799549261894412
326,LP002068,1,0,0,1,0,4917,0.0,130.0,360.0,0.0,0,1,4.867534450455582,1.582587535887981
327,LP002082,1,1,0,1,1,5818,2160.0,184.0,360.0,1.0,1,1,5.214935757608986,1.6515267696058114
328,LP002086,0,1,0,1,0,4333,2451.0,110.0,360.0,1.0,2,0,4.700480365792417,1.5476647089811362
329,LP002087,0,0,0,1,0,2500,0.0,67.0,360.0,1.0,2,1,4.204692619390966,1.436201191916192
330,LP002097,1,0,1,1,0,4384,1793.0,117.0,360.0,1.0,2,1,4.762173934797756,1.5607042729746456
331,LP002098,1,0,0,1,0,2935,0.0,98.0,360.0,1.0,1,1,4.584967478670572,1.5227830126997552
332,LP002100,1,0,0,1,0,2833,0.0,71.0,360.0,1.0,2,1,4.2626798770413155,1.4498980416116356
333,LP002101,1,1,0,1,0,63337,0.0,490.0,180.0,1.0,2,1,6.194405391104672,1.8236465284091044
334,LP002103,1,1,1,1,1,9833,1833.0,182.0,180.0,1.0,2,1,5.204006687076795,1.6494288456372879
335,LP002106,1,1,0,1,1,5503,4490.0,70.0,360.0,1.0,1,1,4.248495242049359,1.4465648595477707
336,LP002110,1,1,1,1,0,5250,688.0,160.0,360.0,1.0,0,1,5.075173815233827,1.6243607736485148
337,LP002112,1,1,2,1,1,2500,4600.0,176.0,360.0,1.0,0,1,5.170483995038151,1.6429663002001658
338,LP002113,0,0,3,0,0,1830,0.0,128.0,360.0,0.0,2,0,4.852030263919617,1.5793972284736488
339,LP002114,0,0,0,1,0,4160,0.0,71.0,360.0,1.0,1,1,4.2626798770413155,1.4498980416116356
340,LP002115,1,1,3,0,0,2647,1587.0,173.0,360.0,1.0,0,0,5.153291594497779,1.639635655072424
341,LP002116,0,0,0,1,0,2378,0.0,46.0,360.0,1.0,0,0,3.828641396489095,1.3425100134968837
342,LP002119,1,1,1,0,0,4554,1229.0,158.0,360.0,1.0,2,1,5.062595033026967,1.6218792042124106
343,LP002126,1,1,3,0,0,3173,0.0,74.0,360.0,1.0,1,1,4.30406509320417,1.4595599466308458
344,LP002128,1,1,2,1,0,2583,2330.0,125.0,360.0,1.0,0,1,4.8283137373023015,1.5744972839952205
345,LP002129,1,1,0,1,0,2499,2458.0,160.0,360.0,1.0,1,1,5.075173815233827,1.6243607736485148
346,LP002130,1,1,0,0,0,3523,3230.0,152.0,360.0,0.0,0,0,5.0238805208462765,1.614202647204422
347,LP002131,1,1,2,0,0,3083,2168.0,126.0,360.0,1.0,2,1,4.836281906951478,1.5761462244678353
348,LP002137,1,1,0,1,0,6333,4583.0,259.0,360.0,1.0,1,1,5.556828061699537,1.7150274529696439
349,LP002138,1,1,0,1,0,2625,6250.0,187.0,360.0,1.0,0,1,5.231108616854587,1.654623228243748
350,LP002139,1,1,0,1,0,9083,0.0,228.0,360.0,1.0,1,1,5.429345628954441,1.691818616362426
351,LP002140,1,0,0,1,0,8750,4167.0,308.0,360.0,1.0,0,0,5.730099782973574,1.7457329447065377
352,LP002141,1,1,3,1,0,2666,2083.0,95.0,360.0,1.0,0,1,4.553876891600541,1.5159789342503565
353,LP002142,0,1,0,1,1,5500,0.0,105.0,360.0,0.0,0,0,4.653960350157523,1.537718545324583
354,LP002143,0,1,0,1,0,2423,505.0,130.0,360.0,1.0,1,1,4.867534450455582,1.582587535887981
355,LP002144,0,0,0,1,0,3813,0.0,116.0,180.0,1.0,2,1,4.7535901911063645,1.5589001622577283
356,LP002149,1,1,2,1,0,8333,3167.0,165.0,360.0,1.0,0,1,5.10594547390058,1.6304056399335578
357,LP002151,1,1,1,1,0,3875,0.0,67.0,360.0,1.0,2,0,4.204692619390966,1.436201191916192
358,LP002158,1,1,0,0,0,3000,1666.0,100.0,480.0,0.0,2,0,4.605170185988092,1.5271796258079011
359,LP002160,1,1,3,1,0,5167,3167.0,200.0,360.0,1.0,1,1,5.298317366548036,1.6673892921414593
360,LP002161,0,0,1,1,0,4723,0.0,81.0,360.0,1.0,1,0,4.394449154672439,1.4803421887365897
361,LP002170,1,1,2,1,0,5000,3667.0,236.0,360.0,1.0,1,1,5.4638318050256105,1.698150339405538
362,LP002175,1,1,0,1,0,4750,2333.0,130.0,360.0,1.0,2,1,4.867534450455582,1.582587535887981
363,LP002178,1,1,0,1,0,3013,3033.0,95.0,300.0,1.0,2,1,4.553876891600541,1.5159789342503565
364,LP002180,1,0,0,1,1,6822,0.0,141.0,360.0,1.0,0,1,4.948759890378168,1.599137017997089
365,LP002181,1,0,0,0,0,6216,0.0,133.0,360.0,1.0,0,0,4.890349128221754,1.5872636973025485
366,LP002187,1,0,0,1,0,2500,0.0,96.0,480.0,1.0,1,0,4.564348191467836,1.5182757199460604
367,LP002188,1,0,0,1,0,5124,0.0,124.0,360.0,0.0,0,0,4.820281565605037,1.572832342456985
368,LP002190,1,1,1,1,0,6325,0.0,175.0,360.0,1.0,1,1,5.1647859739235145,1.641863663944111
369,LP002191,1,1,0,1,0,19730,5266.0,570.0,360.0,1.0,0,0,6.345636360828596,1.8477673894121152
370,LP002194,0,0,0,1,1,15759,0.0,55.0,360.0,1.0,1,1,4.007333185232471,1.3881259789913998
371,LP002197,1,1,2,1,0,5185,0.0,155.0,360.0,1.0,1,1,5.043425116919247,1.6180854379591356
372,LP002201,1,1,2,1,1,9323,7873.0,380.0,300.0,1.0,0,1,5.940171252720432,1.78173796338328
373,LP002205,1,0,1,1,0,3062,1987.0,111.0,180.0,0.0,2,0,4.709530201312334,1.5495881581091657
374,LP002209,0,0,0,1,0,2764,1459.0,110.0,360.0,1.0,2,1,4.700480365792417,1.5476647089811362
375,LP002211,1,1,0,1,0,4817,923.0,120.0,180.0,1.0,2,1,4.787491742782046,1.5660066297600124
376,LP002219,1,1,3,1,0,8750,4996.0,130.0,360.0,1.0,0,1,4.867534450455582,1.582587535887981
377,LP002223,1,1,0,1,0,4310,0.0,130.0,360.0,1.0,1,1,4.867534450455582,1.582587535887981
378,LP002224,1,0,0,1,0,3069,0.0,71.0,480.0,1.0,2,0,4.2626798770413155,1.4498980416116356
379,LP002225,1,1,2,1,0,5391,0.0,130.0,360.0,1.0,2,1,4.867534450455582,1.582587535887981
380,LP002226,1,1,0,1,0,3333,2500.0,128.0,360.0,1.0,1,1,4.852030263919617,1.5793972284736488
381,LP002229,1,0,0,1,0,5941,4232.0,296.0,360.0,1.0,1,1,5.69035945432406,1.7387734191348363
382,LP002231,0,0,0,1,0,6000,0.0,156.0,360.0,1.0,2,1,5.049856007249537,1.61935972946482
383,LP002234,1,0,0,1,1,7167,0.0,128.0,360.0,1.0,2,1,4.852030263919617,1.5793972284736488
384,LP002236,1,1,2,1,0,4566,0.0,100.0,360.0,1.0,2,0,4.605170185988092,1.5271796258079011
385,LP002237,1,0,1,1,0,3667,0.0,113.0,180.0,1.0,2,1,4.727387818712341,1.5533727917527633
386,LP002239,1,0,0,0,0,2346,1600.0,132.0,360.0,1.0,1,1,4.882801922586371,1.5857192195601266
387,LP002243,1,1,0,0,0,3010,3136.0,128.0,360.0,0.0,2,0,4.852030263919617,1.5793972284736488
388,LP002244,1,1,0,1,0,2333,2417.0,136.0,360.0,1.0,2,1,4.912654885736052,1.5918145056013675
389,LP002250,1,1,0,1,0,5488,0.0,125.0,360.0,1.0,0,1,4.8283137373023015,1.5744972839952205
390,LP002255,1,0,3,1,0,9167,0.0,185.0,360.0,1.0,0,1,5.220355825078324,1.652565565295187
391,LP002262,1,1,3,1,0,9504,0.0,275.0,360.0,1.0,0,1,5.616771097666572,1.7257569610137753
392,LP002263,1,1,0,1,0,2583,2115.0,120.0,360.0,1.0,2,1,4.787491742782046,1.5660066297600124
393,LP002265,1,1,2,0,0,1993,1625.0,113.0,180.0,1.0,1,1,4.727387818712341,1.5533727917527633
394,LP002266,1,1,2,1,0,3100,1400.0,113.0,360.0,1.0,2,1,4.727387818712341,1.5533727917527633
395,LP002272,1,1,2,1,0,3276,484.0,135.0,360.0,1.0,1,1,4.90527477843843,1.590311111517258
396,LP002277,0,0,0,1,0,3180,0.0,71.0,360.0,0.0,2,0,4.2626798770413155,1.4498980416116356
397,LP002281,1,1,0,1,0,3033,1459.0,95.0,360.0,1.0,2,1,4.553876891600541,1.5159789342503565
398,LP002284,1,0,0,0,0,3902,1666.0,109.0,360.0,1.0,0,1,4.6913478822291435,1.5457199360997627
399,LP002287,0,0,0,1,0,1500,1800.0,103.0,360.0,0.0,1,0,4.634728988229636,1.533577726591972
400,LP002288,1,1,2,0,0,2889,0.0,45.0,180.0,0.0,2,0,3.8066624897703196,1.3367528183009176
401,LP002296,1,0,0,0,0,2755,0.0,65.0,300.0,1.0,0,0,4.174387269895637,1.4289675858306226
402,LP002297,1,0,0,1,0,2500,20000.0,103.0,360.0,1.0,1,1,4.634728988229636,1.533577726591972
403,LP002300,0,0,0,0,0,1963,0.0,53.0,360.0,1.0,1,1,3.970291913552122,1.3788396218579066
404,LP002301,0,0,0,1,1,7441,0.0,194.0,360.0,1.0,0,0,5.267858159063328,1.6616238585115888
405,LP002305,0,0,0,1,0,4547,0.0,115.0,360.0,1.0,1,1,4.74493212836325,1.557077128137304
406,LP002308,1,1,0,0,0,2167,2400.0,115.0,360.0,1.0,2,1,4.74493212836325,1.557077128137304
407,LP002314,0,0,0,0,0,2213,0.0,66.0,360.0,1.0,0,1,4.189654742026425,1.4326183300679207
408,LP002315,1,1,1,1,0,8300,0.0,152.0,300.0,0.0,1,0,5.0238805208462765,1.614202647204422
409,LP002317,1,1,3,1,0,81000,0.0,360.0,360.0,0.0,0,0,5.886104031450156,1.7725943240434965
410,LP002318,0,0,1,0,1,3867,0.0,62.0,360.0,1.0,1,0,4.127134385045092,1.417583312645218
411,LP002319,1,1,0,1,0,6256,0.0,160.0,360.0,1.0,2,1,5.075173815233827,1.6243607736485148
412,LP002328,1,1,0,0,0,6096,0.0,218.0,360.0,0.0,0,0,5.384495062789089,1.6835235388561318
413,LP002332,1,1,0,0,0,2253,2033.0,110.0,360.0,1.0,0,1,4.700480365792417,1.5476647089811362
414,LP002335,0,1,0,0,0,2149,3237.0,178.0,360.0,0.0,1,0,5.181783550292085,1.6451493117368803
415,LP002337,0,0,0,1,0,2995,0.0,60.0,360.0,1.0,2,1,4.0943445622221,1.4096066464289525
416,LP002341,0,0,1,1,0,2600,0.0,160.0,360.0,1.0,2,0,5.075173815233827,1.6243607736485148
417,LP002342,1,1,2,1,1,1600,20000.0,239.0,360.0,1.0,2,0,5.476463551931511,1.700459555401444
418,LP002345,1,1,0,1,0,1025,2773.0,112.0,360.0,1.0,0,1,4.718498871295094,1.5514907132708071
419,LP002347,1,1,0,1,0,3246,1417.0,138.0,360.0,1.0,1,1,4.927253685157205,1.5947817710037706
420,LP002348,1,1,0,1,0,5829,0.0,138.0,360.0,1.0,0,1,4.927253685157205,1.5947817710037706
421,LP002357,0,0,0,0,0,2720,0.0,80.0,360.0,0.0,2,0,4.382026634673881,1.4775113193551406
422,LP002361,1,1,0,1,0,1820,1719.0,100.0,360.0,1.0,2,1,4.605170185988092,1.5271796258079011
423,LP002362,1,1,1,1,0,7250,1667.0,110.0,360.0,0.0,2,0,4.700480365792417,1.5476647089811362
424,LP002364,1,1,0,1,0,14880,0.0,96.0,360.0,1.0,1,1,4.564348191467836,1.5182757199460604
425,LP002366,1,1,0,1,0,2666,4300.0,121.0,360.0,1.0,0,1,4.795790545596741,1.5677385634836343
426,LP002367,0,0,1,0,0,4606,0.0,81.0,360.0,1.0,0,0,4.394449154672439,1.4803421887365897
427,LP002368,1,1,2,1,0,5935,0.0,133.0,360.0,1.0,1,1,4.890349128221754,1.5872636973025485
428,LP002369,1,1,0,1,0,2920,16.12000084,87.0,360.0,1.0,0,1,4.465908118654584,1.4964725796851872
429,LP002370,1,0,0,0,0,2717,0.0,60.0,180.0,1.0,2,1,4.0943445622221,1.4096066464289525
430,LP002377,0,0,1,1,1,8624,0.0,150.0,360.0,1.0,1,1,5.0106352940962555,1.611562712266506
431,LP002379,1,0,0,1,0,6500,0.0,105.0,360.0,0.0,0,0,4.653960350157523,1.537718545324583
432,LP002386,1,0,0,1,0,12876,0.0,405.0,360.0,1.0,1,1,6.003887067106539,1.792407103985142
433,LP002387,1,1,0,1,0,2425,2340.0,143.0,360.0,1.0,1,1,4.962844630259907,1.6019790905057438
434,LP002390,1,0,0,1,0,3750,0.0,100.0,360.0,1.0,2,1,4.605170185988092,1.5271796258079011
435,LP002393,0,1,0,1,0,10047,0.0,128.0,240.0,1.0,1,1,4.852030263919617,1.5793972284736488
436,LP002398,1,0,0,1,0,1926,1851.0,50.0,360.0,1.0,1,1,3.912023005428146,1.3640546328884455
437,LP002401,1,1,0,1,0,2213,1125.0,128.0,360.0,1.0,2,1,4.852030263919617,1.5793972284736488
438,LP002403,1,0,0,1,1,10416,0.0,187.0,360.0,0.0,2,0,5.231108616854587,1.654623228243748
439,LP002407,0,1,0,0,1,7142,0.0,138.0,360.0,1.0,0,1,4.927253685157205,1.5947817710037706
440,LP002408,1,0,0,1,0,3660,5064.0,187.0,360.0,1.0,1,1,5.231108616854587,1.654623228243748
441,LP002409,1,1,0,1,0,7901,1833.0,180.0,360.0,1.0,0,1,5.19295685089021,1.6473032557366176
442,LP002418,1,0,3,0,0,4707,1993.0,148.0,360.0,1.0,1,1,4.997212273764115,1.6088802117007757
443,LP002422,1,0,1,1,0,37719,0.0,152.0,360.0,1.0,1,1,5.0238805208462765,1.614202647204422
444,LP002424,1,1,0,1,0,7333,8333.0,175.0,300.0,1.0,0,1,5.1647859739235145,1.641863663944111
445,LP002429,1,1,1,1,1,3466,1210.0,130.0,360.0,1.0,0,1,4.867534450455582,1.582587535887981
446,LP002434,1,1,2,0,0,4652,0.0,110.0,360.0,1.0,0,1,4.700480365792417,1.5476647089811362
447,LP002435,1,1,0,1,0,3539,1376.0,55.0,360.0,1.0,0,0,4.007333185232471,1.3881259789913998
448,LP002443,1,1,2,1,0,3340,1710.0,150.0,360.0,0.0,0,0,5.0106352940962555,1.611562712266506
449,LP002444,1,0,1,0,1,2769,1542.0,190.0,360.0,1.0,1,0,5.247024072160486,1.657661072489074
450,LP002446,1,1,2,0,0,2309,1255.0,125.0,360.0,0.0,0,0,4.8283137373023015,1.5744972839952205
451,LP002447,1,1,2,0,0,1958,1456.0,60.0,300.0,1.0,2,1,4.0943445622221,1.4096066464289525
452,LP002448,1,1,0,1,0,3948,1733.0,149.0,360.0,0.0,0,0,5.003946305945459,1.6102268623203686
453,LP002449,1,1,0,1,0,2483,2466.0,90.0,180.0,0.0,0,1,4.499809670330265,1.5040351003996315
454,LP002453,1,0,0,1,1,7085,0.0,84.0,360.0,1.0,1,1,4.430816798843313,1.4885839460327333
455,LP002455,1,1,2,1,0,3859,0.0,96.0,360.0,1.0,1,1,4.564348191467836,1.5182757199460604
456,LP002459,1,1,0,1,0,4301,0.0,118.0,360.0,1.0,2,1,4.770684624465665,1.562489821742864
457,LP002467,1,1,0,1,0,3708,2569.0,173.0,360.0,1.0,2,0,5.153291594497779,1.639635655072424
458,LP002472,1,0,2,1,0,4354,0.0,136.0,360.0,1.0,0,1,4.912654885736052,1.5918145056013675
459,LP002473,1,1,0,1,0,8334,0.0,160.0,360.0,1.0,1,0,5.075173815233827,1.6243607736485148
460,LP002478,1,1,0,1,1,2083,4083.0,160.0,360.0,1.0,1,1,5.075173815233827,1.6243607736485148
461,LP002484,1,1,3,1,0,7740,0.0,128.0,180.0,1.0,2,1,4.852030263919617,1.5793972284736488
462,LP002487,1,1,0,1,0,3015,2188.0,153.0,360.0,1.0,0,1,5.030437921392435,1.6155070422290247
463,LP002489,0,0,1,0,0,5191,0.0,132.0,360.0,1.0,1,1,4.882801922586371,1.5857192195601266
464,LP002493,1,0,0,1,0,4166,0.0,98.0,360.0,0.0,1,0,4.584967478670572,1.5227830126997552
465,LP002494,1,0,0,1,0,6000,0.0,140.0,360.0,1.0,0,1,4.941642422609304,1.5976977501549372
466,LP002500,1,1,3,0,0,2947,1664.0,70.0,180.0,0.0,2,0,4.248495242049359,1.4465648595477707
467,LP002501,1,1,0,1,0,16692,0.0,110.0,360.0,1.0,1,1,4.700480365792417,1.5476647089811362
468,LP002502,0,1,2,0,0,210,2917.0,98.0,360.0,1.0,1,1,4.584967478670572,1.5227830126997552
469,LP002505,1,1,0,1,0,4333,2451.0,110.0,360.0,1.0,2,0,4.700480365792417,1.5476647089811362
470,LP002515,1,1,1,1,1,3450,2079.0,162.0,360.0,1.0,1,1,5.087596335232384,1.6268054862616488
471,LP002517,1,1,1,0,0,2653,1500.0,113.0,180.0,0.0,0,0,4.727387818712341,1.5533727917527633
472,LP002519,1,1,3,1,0,4691,0.0,100.0,360.0,1.0,1,1,4.605170185988092,1.5271796258079011
473,LP002522,0,0,0,1,1,2500,0.0,93.0,360.0,1.0,2,1,4.532599493153256,1.511295614460169
474,LP002524,1,0,2,1,0,5532,4648.0,162.0,360.0,1.0,0,1,5.087596335232384,1.6268054862616488
475,LP002527,1,1,2,1,1,16525,1014.0,150.0,360.0,1.0,0,1,5.0106352940962555,1.611562712266506
476,LP002529,1,1,2,1,0,6700,1750.0,230.0,300.0,1.0,1,1,5.438079308923196,1.6934259303119472
477,LP002530,1,1,2,1,0,2873,1872.0,132.0,360.0,0.0,1,0,4.882801922586371,1.5857192195601266
478,LP002531,1,1,1,1,1,16667,2250.0,86.0,360.0,1.0,1,1,4.454347296253507,1.493880539808272
479,LP002533,1,1,2,1,0,2947,1603.0,128.0,360.0,1.0,2,0,4.852030263919617,1.5793972284736488
480,LP002534,0,0,0,0,0,4350,0.0,154.0,360.0,1.0,0,1,5.0369526024136295,1.6168012568351087
481,LP002536,1,1,3,0,0,3095,0.0,113.0,360.0,1.0,0,1,4.727387818712341,1.5533727917527633
482,LP002537,1,1,0,1,0,2083,3150.0,128.0,360.0,1.0,1,1,4.852030263919617,1.5793972284736488
483,LP002541,1,1,0,1,0,10833,0.0,234.0,360.0,1.0,1,1,5.455321115357702,1.6965914837958764
484,LP002543,1,1,2,1,0,8333,0.0,246.0,360.0,1.0,1,1,5.5053315359323625,1.7057169928720943
485,LP002544,1,1,1,0,0,1958,2436.0,131.0,360.0,1.0,0,1,4.875197323201151,1.5841605801847392
486,LP002545,1,0,2,1,0,3547,0.0,80.0,360.0,0.0,0,0,4.382026634673881,1.4775113193551406
487,LP002547,1,1,1,1,0,18333,0.0,500.0,360.0,1.0,2,0,6.214608098422191,1.8269026656007323
488,LP002555,1,1,2,1,1,4583,2083.0,160.0,360.0,1.0,1,1,5.075173815233827,1.6243607736485148
489,LP002556,1,0,0,1,0,2435,0.0,75.0,360.0,1.0,2,0,4.31748811353631,1.4626737779454593
490,LP002560,1,0,0,0,0,2699,2785.0,96.0,360.0,1.0,1,1,4.564348191467836,1.5182757199460604
491,LP002562,1,1,1,0,0,5333,1131.0,186.0,360.0,1.0,2,1,5.225746673713202,1.6535976917010051
492,LP002571,1,0,0,0,0,3691,0.0,110.0,360.0,1.0,0,1,4.700480365792417,1.5476647089811362
493,LP002582,0,0,0,0,1,17263,0.0,225.0,360.0,1.0,1,1,5.41610040220442,1.6893760735113401
494,LP002585,1,1,0,1,0,3597,2157.0,119.0,360.0,0.0,0,0,4.77912349311153,1.5642571600471569
495,LP002586,0,1,1,1,0,3326,913.0,105.0,84.0,1.0,1,1,4.653960350157523,1.537718545324583
496,LP002587,1,1,0,0,0,2600,1700.0,107.0,360.0,1.0,0,1,4.672828834461906,1.5417646344281224
497,LP002588,1,1,0,1,0,4625,2857.0,111.0,12.0,1.0,2,1,4.709530201312334,1.5495881581091657
498,LP002600,1,1,1,1,1,2895,0.0,95.0,360.0,1.0,1,1,4.553876891600541,1.5159789342503565
499,LP002602,1,0,0,1,0,6283,4416.0,209.0,360.0,0.0,0,0,5.342334251964811,1.6756626832965449
500,LP002603,0,0,0,1,0,645,3683.0,113.0,480.0,1.0,0,1,4.727387818712341,1.5533727917527633
501,LP002606,0,0,0,1,0,3159,0.0,100.0,360.0,1.0,1,1,4.605170185988092,1.5271796258079011
502,LP002615,1,1,2,1,0,4865,5624.0,208.0,360.0,1.0,1,1,5.337538079701318,1.6747645128995639
503,LP002618,1,1,1,0,0,4050,5302.0,138.0,360.0,1.0,0,0,4.927253685157205,1.5947817710037706
504,LP002619,1,1,0,0,0,3814,1483.0,124.0,300.0,1.0,1,1,4.820281565605037,1.572832342456985
505,LP002622,1,1,2,1,0,3510,4416.0,243.0,360.0,1.0,0,1,5.493061443340548,1.7034857400507994
506,LP002624,1,1,0,1,0,20833,6667.0,480.0,360.0,1.0,2,1,6.173786103901937,1.8203122808251364
507,LP002625,1,0,0,1,0,3583,0.0,96.0,360.0,1.0,2,0,4.564348191467836,1.5182757199460604
508,LP002626,1,1,0,1,1,2479,3013.0,188.0,360.0,1.0,2,1,5.236441962829949,1.6556422529709331
509,LP002634,0,0,1,1,0,13262,0.0,40.0,360.0,1.0,2,1,3.6888794541139363,1.3053227409632366
510,LP002637,1,0,0,0,0,3598,1287.0,100.0,360.0,1.0,0,0,4.605170185988092,1.5271796258079011
511,LP002640,1,1,1,1,0,6065,2004.0,250.0,360.0,1.0,1,1,5.521460917862246,1.7086424843059957
512,LP002643,1,1,2,1,0,3283,2035.0,148.0,360.0,1.0,2,1,4.997212273764115,1.6088802117007757
513,LP002648,1,1,0,1,0,2130,6666.0,70.0,180.0,1.0,1,0,4.248495242049359,1.4465648595477707
514,LP002652,1,0,0,1,0,5815,3666.0,311.0,360.0,1.0,0,0,5.739792912179234,1.7474231316630926
515,LP002659,1,1,3,1,0,3466,3428.0,150.0,360.0,1.0,0,1,5.0106352940962555,1.611562712266506
516,LP002670,0,1,2,1,0,2031,1632.0,113.0,480.0,1.0,1,1,4.727387818712341,1.5533727917527633
517,LP002682,1,1,0,0,0,3074,1800.0,123.0,360.0,0.0,1,0,4.812184355372417,1.5711511089688401
518,LP002683,1,0,0,1,0,4683,1915.0,185.0,360.0,1.0,1,0,5.220355825078324,1.652565565295187
519,LP002684,0,0,0,0,0,3400,0.0,95.0,360.0,1.0,0,0,4.553876891600541,1.5159789342503565
520,LP002689,1,1,2,0,0,2192,1742.0,45.0,360.0,1.0,1,1,3.8066624897703196,1.3367528183009176
521,LP002690,1,0,0,1,0,2500,0.0,55.0,360.0,1.0,1,1,4.007333185232471,1.3881259789913998
522,LP002692,1,1,3,1,1,5677,1424.0,100.0,360.0,1.0,0,1,4.605170185988092,1.5271796258079011
523,LP002693,1,1,2,1,1,7948,7166.0,480.0,360.0,1.0,0,1,6.173786103901937,1.8203122808251364
524,LP002697,1,0,0,1,0,4680,2087.0,128.0,360.0,1.0,1,0,4.852030263919617,1.5793972284736488
525,LP002699,1,1,2,1,1,17500,0.0,400.0,360.0,1.0,0,1,5.991464547107982,1.790335880924894
526,LP002705,1,1,0,1,0,3775,0.0,110.0,360.0,1.0,1,1,4.700480365792417,1.5476647089811362
527,LP002706,1,1,1,0,0,5285,1430.0,161.0,360.0,0.0,1,1,5.081404364984463,1.6255876731852767
528,LP002714,1,0,1,0,0,2679,1302.0,94.0,360.0,1.0,1,1,4.543294782270004,1.5136524718106426
529,LP002716,1,0,0,0,0,6783,0.0,130.0,360.0,1.0,1,1,4.867534450455582,1.582587535887981
530,LP002717,1,1,0,1,0,1025,5500.0,216.0,360.0,1.0,0,1,5.375278407684165,1.6818103694507691
531,LP002720,1,1,3,1,0,4281,0.0,100.0,360.0,1.0,2,1,4.605170185988092,1.5271796258079011
532,LP002723,1,0,2,1,0,3588,0.0,110.0,360.0,0.0,0,0,4.700480365792417,1.5476647089811362
533,LP002729,1,0,1,1,0,11250,0.0,196.0,360.0,1.0,1,0,5.278114659230517,1.6635689618373102
534,LP002731,0,0,0,0,1,18165,0.0,125.0,360.0,1.0,2,1,4.8283137373023015,1.5744972839952205
535,LP002732,1,0,0,0,0,2550,2042.0,126.0,360.0,1.0,0,1,4.836281906951478,1.5761462244678353
536,LP002734,1,1,0,1,0,6133,3906.0,324.0,360.0,1.0,2,1,5.780743515792329,1.7545323103616217
537,LP002738,1,0,2,1,0,3617,0.0,107.0,360.0,1.0,1,1,4.672828834461906,1.5417646344281224
538,LP002739,1,1,0,0,0,2917,536.0,66.0,360.0,1.0,0,0,4.189654742026425,1.4326183300679207
539,LP002740,1,1,3,1,0,6417,0.0,157.0,180.0,1.0,0,1,5.056245805348308,1.6206242722269526
540,LP002741,0,1,1,1,0,4608,2845.0,140.0,180.0,1.0,1,1,4.941642422609304,1.5976977501549372
541,LP002743,0,0,0,1,0,2138,0.0,99.0,360.0,0.0,1,0,4.59511985013459,1.524994838195378
542,LP002753,0,0,1,1,0,3652,0.0,95.0,360.0,1.0,1,1,4.553876891600541,1.5159789342503565
543,LP002755,1,1,1,0,0,2239,2524.0,128.0,360.0,1.0,2,1,4.852030263919617,1.5793972284736488
544,LP002757,0,1,0,0,0,3017,663.0,102.0,360.0,1.0,1,1,4.624972813284271,1.5314704927383054
545,LP002767,1,1,0,1,0,2768,1950.0,155.0,360.0,1.0,0,1,5.043425116919247,1.6180854379591356
546,LP002768,1,0,0,0,0,3358,0.0,80.0,36.0,1.0,1,0,4.382026634673881,1.4775113193551406
547,LP002772,1,0,0,1,0,2526,1783.0,145.0,360.0,1.0,0,1,4.976733742420574,1.6047738008405017
548,LP002776,0,0,0,1,0,5000,0.0,103.0,360.0,0.0,1,0,4.634728988229636,1.533577726591972
549,LP002777,1,1,0,1,0,2785,2016.0,110.0,360.0,1.0,0,1,4.700480365792417,1.5476647089811362
550,LP002778,1,1,2,1,1,6633,0.0,128.0,360.0,0.0,0,0,4.852030263919617,1.5793972284736488
551,LP002784,1,1,1,0,0,2492,2375.0,128.0,360.0,1.0,0,1,4.852030263919617,1.5793972284736488
552,LP002785,1,1,1,1,0,3333,3250.0,158.0,360.0,1.0,2,1,5.062595033026967,1.6218792042124106
553,LP002788,1,1,0,0,0,2454,2333.0,181.0,360.0,0.0,2,0,5.198497031265826,1.6483695513605736
554,LP002789,1,1,0,1,0,3593,4266.0,132.0,180.0,0.0,0,0,4.882801922586371,1.5857192195601266
555,LP002792,1,1,1,1,0,5468,1032.0,26.0,360.0,1.0,1,1,3.258096538021482,1.1811431408094568
556,LP002794,0,0,0,1,0,2667,1625.0,84.0,360.0,1.0,2,1,4.430816798843313,1.4885839460327333
557,LP002795,1,1,3,1,1,10139,0.0,260.0,360.0,1.0,1,1,5.560681631015528,1.7157206962546658
558,LP002798,1,1,0,1,0,3887,2669.0,162.0,360.0,1.0,1,1,5.087596335232384,1.6268054862616488
559,LP002804,0,1,0,1,0,4180,2306.0,182.0,360.0,1.0,1,1,5.204006687076795,1.6494288456372879
560,LP002807,1,1,2,0,0,3675,242.0,108.0,360.0,1.0,1,1,4.68213122712422,1.5437533966819692
561,LP002813,0,1,1,1,1,19484,0.0,600.0,360.0,1.0,1,1,6.396929655216146,1.8558181338804391
562,LP002820,1,1,0,1,0,5923,2054.0,211.0,360.0,1.0,0,1,5.351858133476067,1.677443815276561
563,LP002821,1,0,0,0,1,5800,0.0,132.0,360.0,1.0,1,1,4.882801922586371,1.5857192195601266
564,LP002832,1,1,2,1,0,8799,0.0,258.0,360.0,0.0,2,0,5.552959584921617,1.7143310441709676
565,LP002833,1,1,0,0,0,4467,0.0,120.0,360.0,1.0,0,1,4.787491742782046,1.5660066297600124
566,LP002836,1,0,0,1,0,3333,0.0,70.0,360.0,1.0,2,1,4.248495242049359,1.4465648595477707
567,LP002837,1,1,3,1,0,3400,2500.0,123.0,360.0,0.0,0,0,4.812184355372417,1.5711511089688401
568,LP002840,0,0,0,1,0,2378,0.0,9.0,360.0,1.0,2,0,2.1972245773362196,0.7871950081766445
569,LP002841,1,1,0,1,0,3166,2064.0,104.0,360.0,0.0,2,0,4.6443908991413725,1.535660233235027
570,LP002842,1,1,1,1,0,3417,1750.0,186.0,360.0,1.0,2,1,5.225746673713202,1.6535976917010051
571,LP002847,1,1,0,1,0,5116,1451.0,165.0,360.0,0.0,2,0,5.10594547390058,1.6304056399335578
572,LP002855,1,1,2,1,0,16666,0.0,275.0,360.0,1.0,2,1,5.616771097666572,1.7257569610137753
573,LP002862,1,1,2,0,0,6125,1625.0,187.0,480.0,1.0,1,0,5.231108616854587,1.654623228243748
574,LP002863,1,1,3,1,0,6406,0.0,150.0,360.0,1.0,1,0,5.0106352940962555,1.611562712266506
575,LP002868,1,1,2,1,0,3159,461.0,108.0,84.0,1.0,2,1,4.68213122712422,1.5437533966819692
576,LP002872,1,1,0,1,0,3087,2210.0,136.0,360.0,0.0,1,0,4.912654885736052,1.5918145056013675
577,LP002874,1,0,0,1,0,3229,2739.0,110.0,360.0,1.0,2,1,4.700480365792417,1.5476647089811362
578,LP002877,1,1,1,1,0,1782,2232.0,107.0,360.0,1.0,0,1,4.672828834461906,1.5417646344281224
579,LP002888,1,0,0,1,0,3182,2917.0,161.0,360.0,1.0,2,1,5.081404364984463,1.6255876731852767
580,LP002892,1,1,2,1,0,6540,0.0,205.0,360.0,1.0,1,1,5.3230099791384085,1.672038928909586
581,LP002893,1,0,0,1,0,1836,33837.0,90.0,360.0,1.0,2,0,4.499809670330265,1.5040351003996315
582,LP002894,0,1,0,1,0,3166,0.0,36.0,360.0,1.0,1,1,3.58351893845611,1.2763452613426045
583,LP002898,1,1,1,1,0,1880,0.0,61.0,360.0,1.0,0,0,4.110873864173311,1.4136356249281932
584,LP002911,1,1,1,1,0,2787,1917.0,146.0,360.0,0.0,0,0,4.983606621708336,1.606153850141491
585,LP002912,1,1,1,1,0,4283,3000.0,172.0,84.0,1.0,0,0,5.147494476813453,1.6385100869349585
586,LP002916,1,1,0,1,0,2297,1522.0,104.0,360.0,1.0,2,1,4.6443908991413725,1.535660233235027
587,LP002917,0,0,0,0,0,2165,0.0,70.0,360.0,1.0,1,1,4.248495242049359,1.4465648595477707
588,LP002925,1,0,0,1,0,4750,0.0,94.0,360.0,1.0,1,1,4.543294782270004,1.5136524718106426
589,LP002926,1,1,2,1,1,2726,0.0,106.0,360.0,0.0,1,0,4.663439094112067,1.53975317897557
590,LP002928,1,1,0,1,0,3000,3416.0,56.0,180.0,1.0,1,1,4.02535169073515,1.392612283633577
591,LP002931,1,1,2,1,1,6000,0.0,205.0,240.0,1.0,1,0,5.3230099791384085,1.672038928909586
592,LP002933,1,0,3,1,1,9357,0.0,292.0,360.0,1.0,1,1,5.676753802268282,1.7363795556717014
593,LP002936,1,1,0,1,0,3859,3300.0,142.0,180.0,1.0,0,1,4.955827057601261,1.60056406759735
594,LP002938,1,1,0,1,1,16120,0.0,260.0,360.0,1.0,2,1,5.560681631015528,1.7157206962546658
595,LP002940,1,0,0,0,0,3833,0.0,110.0,360.0,1.0,0,1,4.700480365792417,1.5476647089811362
596,LP002941,1,1,2,0,1,6383,1000.0,187.0,360.0,1.0,0,0,5.231108616854587,1.654623228243748
597,LP002943,1,0,0,1,0,2987,0.0,88.0,360.0,0.0,1,0,4.477336814478207,1.4990284086108943
598,LP002945,1,1,0,1,1,9963,0.0,180.0,360.0,1.0,0,1,5.19295685089021,1.6473032557366176
599,LP002948,1,1,2,1,0,5780,0.0,192.0,360.0,1.0,2,1,5.2574953720277815,1.6596547483333284
600,LP002949,0,0,3,1,0,416,41667.0,350.0,180.0,1.0,2,0,5.857933154483459,1.7677968373611699
601,LP002950,1,1,0,0,0,2894,2792.0,155.0,360.0,1.0,0,1,5.043425116919247,1.6180854379591356
602,LP002953,1,1,3,1,0,5703,0.0,128.0,360.0,1.0,2,1,4.852030263919617,1.5793972284736488
603,LP002958,1,0,0,1,0,3676,4301.0,172.0,360.0,1.0,0,1,5.147494476813453,1.6385100869349585
604,LP002959,0,1,1,1,0,12000,0.0,496.0,360.0,1.0,1,1,6.206575926724928,1.8256093633196335
605,LP002960,1,1,0,0,0,2400,3800.0,128.0,180.0,1.0,2,0,4.852030263919617,1.5793972284736488
606,LP002961,1,1,1,1,0,3400,2500.0,173.0,360.0,1.0,1,1,5.153291594497779,1.639635655072424
607,LP002964,1,1,2,0,0,3987,1411.0,157.0,360.0,1.0,0,1,5.056245805348308,1.6206242722269526
608,LP002974,1,1,0,1,0,3232,1950.0,108.0,360.0,1.0,0,1,4.68213122712422,1.5437533966819692
609,LP002978,0,0,0,1,0,2900,0.0,71.0,360.0,1.0,0,1,4.2626798770413155,1.4498980416116356
610,LP002979,1,1,3,1,0,4106,0.0,40.0,180.0,1.0,0,1,3.6888794541139363,1.3053227409632366
611,LP002983,1,1,1,1,0,8072,240.0,253.0,360.0,1.0,2,1,5.53338948872752,1.710800555208106
612,LP002984,1,1,2,1,0,7583,0.0,187.0,360.0,1.0,2,1,5.231108616854587,1.654623228243748
613,LP002990,0,0,0,1,1,4583,0.0,133.0,360.0,0.0,1,0,4.890349128221754,1.5872636973025485
